ID	Method	Prompt	Transcript	Meaning	Original Meaning
3570	no method	Frag: Zimmer für 1 Woche	can i have a hotel room for one night	incorrect	incorrect
3571	RG	Frag: Zimmer für 1 Woche	i want a room for one week	correct	correct
3572	RG	Frag: Twinzimmer	a twin room	correct	correct
3573	RG	Sag: Ich möchte mit Kreditkarte bezahlen	can i pay by credit card	correct	correct
3574	no method	Frag: Gibt es ein Fitnessstudio?	have a fitness studio	incorrect	correct
3575	RG	Frag: 3 Musical-Tickets	i would like to buy three musical tickets	correct	correct
3576	RG	Sag: Ich möchte am Montagabend gehen	i would like to go on monday night	correct	correct
3577	RG	Sag: Ich möchte am Montagabend gehen	i would like to go on monday night	correct	correct
3579	RG	Frag: 3 Tickets für König der Löwen	i want three tickets for the lion king	correct	correct
3580	no method	Sag: Ich möchte vorne sitzen	i would like to sit in the john	incorrect	incorrect
3581	RG	Sag: Ich möchte vorne sitzen	i would like to sit in the front	correct	correct
3582	RG	Sag: Ich möchte vorne sitzen	i would like to sit in the front	correct	correct
3583	RG	Frag: Tickets für die National Gallery	i would like tickets for the national gallery	correct	correct
3584	no method	Frag: Tickets für die National Gallery	i would like i would like nationaly gal i would ah mann	incorrect	incorrect
3587	RG	Frag: ein Ticket zum Piccadilly Circus	i would like a ticket to piccadilly circus	correct	correct
3588	RG	Sag: Ich möchte mit Visa bezahlen	i would like to pay with visa	correct	correct
3589	credit card cluster	Sag: Ich möchte mit Visa bezahlen	i would like to pay be visa	correct	correct
3590	RG	Frag: ein Ticket zum Green Park	i need a ticket to green park	correct	correct
3592	credit card cluster	Sag: Ich möchte mit Visa bezahlen	i would like to bay with visa	incorrect	correct
3593	credit card cluster	Sag: Ich möchte mit Pfund bezahlen	can i pay by pound	incorrect	correct
3594	credit card cluster	Sag: Ich möchte mit Pfund bezahlen	can i pay by pound	incorrect	correct
3595	credit card cluster	Sag: Ich möchte mit Pfund bezahlen	can i pay by pounds	correct	correct
3596	RG	Frag: ein Ticket nach Notting Hill	i would like a ticket to notting hill	correct	correct
3597	RG	Sag: Ich möchte mit Mastercard bezahlen	can i i pay by mastercard	correct	correct
3598	RG	Sag: Ich möchte mit Mastercard bezahlen	can i pay by master card	correct	correct
3599	credit card cluster	Sag: Ich möchte mit Dollars bezahlen	can a pay by dollars	correct	correct
3602	RG	Frag: eine Cola	i would like a coke	correct	correct
3604	RG	Frag: ein Steak	i want a steak	correct	correct
3605	no method	Frag: mein Steak rare	like my steak rare	incorrect	correct
3606	RG	Frag: mein Steak rare	i would like my steak rare	correct	correct
3608	no method	Frag: Pilze	i would like pilz	incorrect	incorrect
3610	RG	Frag: Ich möchte die Dessertkarte	could i see the dessert menu	correct	correct
3611	RG	Sag: Mir geht es gut	i am good	correct	correct
3618	no method	Frag: 2 Tickets nach London	two ticket to london	incorrect	correct
3619	RG	Frag: 2 Tickets nach London	two tickets to london	correct	correct
3620	RG	Sag: Ich möchte um 21 Uhr morgen abreisen	i want to leave at nine o'clock tomorrow	correct	correct
3621	RG	Sag: Ich heisse James	i am james	correct	correct
3622	RG	Sag: Ich bin aus der Türkei	i am from turkey	correct	correct
3623	no method	Frag: 2 Musical-Tickets	two mitch tickets	incorrect	incorrect
3625	magic	Frag: ein Ticket für Montagabend	tickets for the monday evening	correct	incorrect
3626	no method	Frag: ein Ticket für Montagabend	tickets for the monday avenue	incorrect	incorrect
3627	magic	Frag: 2 Tickets für König der Löwen	two tickets for lion king	correct	correct
3628	no method	Frag: 2 Tickets für König der Löwen	two tickets for the ke	incorrect	incorrect
3629	no method	Frag: 2 Tickets für König der Löwen	two tickets for the king of lion	incorrect	correct
3630	no method	Sag: Ich möchte in der zweiten Reihe sitzen	i would like to sit in	incorrect	incorrect
3631	no method	Sag: Ich möchte in der zweiten Reihe sitzen	i would sit in the	incorrect	incorrect
3632	RG	Sag: Ich möchte in der zweiten Reihe sitzen	i would like to sit in the second row	correct	correct
3634	RG	Frag: 5 Tickets	five tickets	correct	correct
3636	RG	Frag: Einzelzimmer	a single room	correct	correct
3637	RG	Frag: Einzelzimmer	a single room	correct	correct
3638	RG	Frag: Einzelzimmer	a single room	correct	correct
3639	credit card cluster	Sag: Ich möchte mit Postkarte bezahlen	i would to play with my post card	correct	incorrect
3640	credit card cluster	Sag: Ich möchte mit Postkarte bezahlen	i would like to play with my post card	correct	correct
3641	credit card cluster	Sag: Ich möchte mit Postkarte bezahlen	i would like to play with	incorrect	incorrect
3642	magic	Frag: Gibt es eine Hotelbar?	is there the hotel bar	correct	correct
3643	RG	Sag: Ich heisse Nick	my name is nick	correct	correct
3644	RG	Sag: Ich bin aus Österreich	i am from austria	correct	correct
3645	magic	Sag: Die Hauptstadt von Österreich ist Wien	the capital of austria is wien	correct	correct
3647	magic	Sag: Ich habe 1 Bruder	i have a brother	correct	correct
3648	no method	Sag: Ich habe 1 Bruder	i have a brother	incorrect	correct
3649	RG	Sag: Ich habe 1 Bruder	i have one brother	correct	correct
3650	no method	Sag: Ich gehe in die Ferien	i going in the holiday	incorrect	correct
3651	RG	Sag: Dies ist mein Pass	this is my passport	correct	correct
3652	no method	Sag: Dies ist mein Pass	this is my pass	incorrect	incorrect
3654	magic	Frag: ein Ticket zum Piccadilly Circus	a ticket from piccadilly circus	correct	incorrect
3655	no method	Frag: ein Ticket zum Piccadilly Circus	like a ticket to piccadilly circus	incorrect	correct
3656	RG	Frag: ein Ticket zum Piccadilly Circus	i would like a ticket to piccadilly circus	correct	correct
3657	credit card cluster	Sag: Ich möchte mit Mastercard bezahlen	i would like to play with my master card	correct	incorrect
3658	RG	Frag: 4 Musical-Tickets	four musical tickets	correct	correct
3659	RG	Frag: 4 Musical-Tickets	four musical tickets	correct	correct
3660	RG	Frag: 4 Musical-Tickets	i would like to buy four musical tickets	correct	correct
3661	no method	Sag: Ich möchte am Freitagabend gehen	i would go by free day avenue	incorrect	incorrect
3662	no method	Sag: Ich möchte am Freitagabend gehen	i would like to go a priday night	incorrect	incorrect
3663	no method	Sag: Ich möchte am Freitagabend gehen	i would like to go on free day night	incorrect	correct
3664	magic	Frag: 4 Tickets für Wicked	i would like four tickets for the wick	correct	incorrect
3665	RG	Frag: 4 Tickets für Wicked	i want four tickets for wicked	correct	correct
3666	no method	Sag: Ich möchte in der achten Reihe sitzen	in the eight row	incorrect	correct
3667	RG	Sag: Ich möchte in der achten Reihe sitzen	i want to sit in the eighth row	correct	correct
3668	no method	Sag: Ich möchte in der achten Reihe sitzen	i want seat in the eight row	incorrect	correct
3669	RG	Frag: Tickets für das Naturhistorische Museum	i want tickets for the natural history museum	correct	correct
3670	RG	Frag: 2 Tickets	i want two tickets	correct	correct
3671	RG	Sag: Ich habe keine Reservation	i do not have a reservation	correct	correct
3673	RG	Sag: Ich habe keine Reservation	i do not have a reservation	correct	correct
3674	no method	Frag: Zimmer für 6 Nächte	can i have six rooms for six nights	incorrect	incorrect
3675	RG	Frag: Zimmer für 6 Nächte	i want a room for six nights	correct	correct
3676	RG	Frag: Doppelzimmer	i want a double room	correct	correct
3679	no method	Frag: Gibt es ein Schwimmbad?	have you a pool	incorrect	correct
3680	RG	Frag: Wo ist das Schwimmbad?	where is the pool	correct	correct
3681	RG	Frag: Zimmer für 4 Nächte	i want a room for four nights	correct	correct
3682	RG	Frag: Doppelzimmer	i want a double room	correct	correct
3683	RG	Sag: Ich möchte mit Visa bezahlen	can i pay with visa	correct	correct
3684	RG	Frag: Gibt es ein Hotelrestaurant?	is there a hotel restaurant	correct	correct
3685	RG	Frag: Wo ist das Hotelrestaurant?	where is the hotel restaurant	correct	correct
3686	RG	Sag: Ich möchte mit Visa bezahlen	can i pay with visa	correct	correct
3688	credit card cluster	Sag: Ich möchte mit Schweizer Franken bezahlen	can i pay with swiss friends	incorrect	incorrect
3689	RG	Sag: Ich habe keine Reservation	i do not have a reservation	correct	correct
3690	RG	Frag: Zimmer für 7 Nächte	i want a room for seven nights	correct	correct
3691	no method	Frag: Junior Suite	on the junior suite	incorrect	incorrect
3692	RG	Sag: Ich möchte mit Mastercard bezahlen	can i pay by mastercard	correct	correct
3693	RG	Frag: Gibt es einen Coiffeur?	is there a hairdresser	correct	correct
3694	RG	Frag: Wo ist der Coiffeur?	where is the hairdresser	correct	correct
3695	RG	Frag: 3 Tickets nach London	i would like three tickets to london	correct	correct
3696	RG	Sag: Ich möchte am Mittwochabend abreisen	i want to leave on wednesday evening	correct	correct
3697	RG	Sag: Ich heisse Sarah	my name is sarah	correct	correct
3698	RG	Sag: Ich heisse Sarah	my name is sarah	correct	correct
3700	RG	Frag: ein Ticket nach London	i want a ticket to london	correct	correct
3701	RG	Sag: Ich möchte am Sonntag abreisen	i would like to leave on sunday	correct	correct
3702	RG	Sag: Ich heisse John	my name is john	correct	correct
3703	RG	Sag: Ich bin aus Spanien	i am from spain	correct	correct
3704	RG	Sag: Ich heisse Brian	my name is brian	correct	correct
3705	RG	Sag: Ich bin aus Amerika	i am from america	correct	correct
3706	RG	Sag: Ich heisse Silvia	my name is silvia	correct	correct
3707	RG	Sag: Ich bin aus Portugal	i am from portugal	correct	correct
3708	magic	Sag: Die Hauptstadt von Portugal ist Lissabon	the capital of portugal is lisabon	correct	correct
3709	magic	Sag: Ich habe 2 jüngere Brüder	i have two young brothers	correct	incorrect
3710	no method	Sag: Ich gehe in die Ferien	i going to holidays	incorrect	incorrect
3712	RG	Sag: Dies ist mein Pass	that is my passport	correct	correct
3713	no method	Sag: Dies ist mein Pass	that is is my passport	incorrect	correct
3714	RG	Sag: Dies ist mein Pass	this is my passport	correct	correct
3716	credit card cluster	Sag: Ich möchte mit Postkarte bezahlen	i want pay	incorrect	incorrect
3717	RG	Sag: Ich möchte mit Postkarte bezahlen	i would like to pay by post card	correct	correct
3718	RG	Sag: Ich möchte mit Postkarte bezahlen	i would like to pay by post card	correct	correct
3719	RG	Frag: 2 Musical-Tickets	i want two musical tickets	correct	correct
3720	RG	Frag: 2 Tickets für Montagabend	i want two tickets for monday evening	correct	correct
3723	RG	Frag: Zimmer für 2 Nächte	a room for two nights	correct	correct
3724	RG	Frag: Zimmer für 2 Nächte	can i have a room for two nights	correct	correct
3725	RG	Frag: Einzelzimmer	a single room	correct	correct
3726	RG	Frag: Einzelzimmer	single room	correct	correct
3727	RG	Frag: Einzelzimmer	single room	correct	correct
3728	credit card cluster	Sag: Ich möchte mit Kreditkarte bezahlen	i	incorrect	incorrect
3729	credit card cluster	Sag: Ich möchte mit Kreditkarte bezahlen	ich verschtands nid	incorrect	incorrect
3730	no method	Frag: Gibt es einen Lift?	is it a lift	incorrect	incorrect
3731	RG	Frag: Wo ist der Lift?	where is the lift	correct	correct
3735	RG	Sag: Ich möchte mit Dollars bezahlen	can i pay with dollars	correct	correct
3736	RG	Frag: Zimmer für 3 Nächte	i want a room for three nights	correct	correct
3737	RG	Frag: Einzelzimmer	i want a single room	correct	correct
3738	credit card cluster	Sag: Ich möchte mit Postkarte bezahlen	i want to pay with credit card	incorrect	correct
3740	magic	Frag: Gibt es ein Fitnessstudio?	have you got a fitness studio	correct	correct
3741	RG	Frag: Gibt es ein Fitnessstudio?	is there a gym	correct	correct
3742	RG	Frag: Wo ist das Fitnessstudio?	where is the gym	correct	correct
3743	RG	Frag: ein Ticket nach London	i want a ticket to london	correct	correct
3744	RG	Sag: Ich möchte um 12 Uhr morgen abreisen	i want to leave tomorrow at noon	correct	correct
3745	RG	Sag: Ich heisse Mona	my name is mona	correct	correct
3746	RG	Sag: Ich bin aus Deutschland	i am from germany	correct	correct
3749	no method	Frag: ein Steak	single room a single r	incorrect	incorrect
3750	no method	Frag: ein Steak	i would like a steetch	incorrect	incorrect
3751	no method	Frag: ein Steak	kusvich	incorrect	incorrect
3757	no method	Frag: Wo ist der Tower?	where is the tour i am	incorrect	incorrect
3759	RG	Frag: Welcher Bus fährt dorthin?	which bus goes there	correct	correct
3761	meaning_reject	Frag: Zimmer für 6 Nächte	a dorm for six nights	incorrect	incorrect
3762	no method	Frag: Zimmer für 6 Nächte	a dorm for six nights	incorrect	incorrect
3763	RG	Frag: Zimmer für 6 Nächte	i want a room for six nights	correct	correct
3764	magic	Frag: Twinzimmer	a twin zimmer	correct	incorrect
3767	RG	Sag: Ich möchte mit Kreditkarte bezahlen	i would like to pay by credit card	correct	correct
3768	RG	Frag: Gibt es einen Lift?	is there a lift	correct	correct
3769	no method	Sag: Ich habe keine Reservation	i've no a reservation	incorrect	correct
3770	RG	Sag: Ich habe keine Reservation	i have no reservation	correct	correct
3771	RG	Sag: Ich habe keine Reservation	i have no reservation	correct	correct
3773	RG	Sag: Ich habe keine Reservation	i have not got a reservation	correct	correct
3774	no method	Sag: Ich habe keine Reservation	i have not a reservation	incorrect	correct
3776	RG	Sag: Ich habe keine Reservation	i do not have a reservation	correct	correct
3777	RG	Sag: Ich habe keine Reservation	i do not have a reservation	correct	correct
3778	RG	Sag: Ich habe keine Reservation	i do not have a reservation	correct	correct
3779	no method	Sag: Ich habe keine Reservation	i have not have	incorrect	incorrect
3781	RG	Sag: Ich habe keine Reservation	i do not have a reservation	correct	correct
3782	RG	Frag: Zimmer für 7 Nächte	a room for seven nights	correct	correct
3783	RG	Frag: Doppelzimmer	a double room	correct	correct
3784	RG	Frag: Doppelzimmer	a double room	correct	correct
3786	RG	Sag: Ich möchte mit Postkarte bezahlen	i would like to pay by post card	correct	correct
3787	RG	Frag: Gibt es ein Hotelrestaurant?	is there a restaurant	correct	correct
3788	RG	Frag: Wo ist das Hotelrestaurant?	where is the restaurant	correct	correct
3789	RG	Frag: Wo ist das Hotelrestaurant?	where is the restaurant	correct	correct
3790	RG	Frag: Wo ist das Hotelrestaurant?	where is the hotel restaurant	correct	correct
3791	RG	Frag: Zimmer für 2 Nächte	a room for two nights	correct	correct
3792	RG	Frag: Doppelzimmer	a double room	correct	correct
3794	RG	Frag: Doppelzimmer	a twin room	correct	correct
3795	RG	Sag: Ich möchte mit Postkarte bezahlen	i would like to pay by post card	correct	correct
3796	credit card cluster	Sag: Ich möchte mit Schweizer Franken bezahlen	i would like to pay by swiss francs	correct	correct
3797	credit card cluster	Sag: Ich möchte mit Schweizer Franken bezahlen	i would like to pay by swiss francs	correct	correct
3798	RG	Sag: Ich möchte mit Schweizer Franken bezahlen	can i pay with swiss francs	correct	correct
3799	RG	Frag: Gibt es einen Coiffeur?	is there a hairdresser	correct	correct
3800	no method	Frag: ein Ticket zum Piccadilly Circus	i want a ticket to the piccadilly circus	incorrect	correct
3801	credit card cluster	Sag: Ich möchte mit Postkarte bezahlen	i would like to change with post card	correct	incorrect
3802	credit card cluster	Sag: Ich möchte mit Pfund bezahlen	i would like to change with pounds	correct	incorrect
3803	no method	Sag: Mir geht es gut	i am	incorrect	incorrect
3804	no method	Frag: Stiefel	i would like stiefel	incorrect	incorrect
3805	RG	Frag: Stiefel	i would like some boots	correct	correct
3806	RG	Frag: blaue Stiefel	i would like blue boots	correct	correct
3807	RG	Sag: Ich habe keine Reservation	i do not have a reservation	correct	correct
3808	RG	Frag: Zimmer für 3 Nächte	a room for three nights	correct	correct
3809	RG	Frag: Junior Suite	a junior suite	correct	correct
3810	credit card cluster	Sag: Ich möchte mit Kreditkarte bezahlen	i want pay with credit card	correct	correct
3811	RG	Sag: Ich heisse Barbara	my name is barbara	correct	correct
3812	RG	Sag: Ich bin aus Frankreich	i am from france	correct	correct
3813	RG	Sag: Die Hauptstadt von Frankreich ist Paris	the capital of france is paris	correct	correct
3814	RG	Sag: Ich habe 2 jüngere Schwestern	i have two younger sisters	correct	correct
3815	no method	Sag: Ich gehe in die Ferien	i go in the holidays	incorrect	correct
3816	RG	Sag: Dies ist mein Pass	this is my passport	correct	correct
3817	magic	Sag: Dies ist mein Pass	these is my passport	correct	correct
3818	RG	Sag: Dies ist mein Pass	it is my passport	correct	correct
3819	magic	Frag: 3 Musical-Tickets	musical tickets	correct	incorrect
3820	RG	Frag: 3 Musical-Tickets	can i have three musical tickets	correct	correct
3822	magic	Frag: 3 Tickets für Starlight Express	i need three tickets for stairlight express	correct	correct
3823	no method	Sag: Ich möchte in der vierten Reihe sitzen	i would like in the fourth serious sit	incorrect	incorrect
3824	RG	Sag: Ich möchte in der vierten Reihe sitzen	i would like to sit in the fourth row	correct	correct
3825	RG	Frag: Tickets für das London Eye	i want tickets for the london eye	correct	correct
3826	RG	Frag: 4 Tickets	i need four tickets	correct	correct
3827	RG	Frag: 3 Musical-Tickets	i need three musical tickets	correct	correct
3828	magic	Frag: ein Ticket für Donnerstagabend	i need a ticket for thursday night	correct	correct
3829	RG	Frag: 3 Tickets für Wicked	i need three tickets for wicked	correct	correct
3830	RG	Frag: Ticket für dieses Musical	i want a ticket for this musical	correct	correct
3831	RG	Frag: Ticket für dieses Musical	i want tickets for this musical	correct	correct
3832	RG	Sag: Ich möchte in der zweiten Reihe sitzen	i want to sit in the second row	correct	correct
3833	RG	Frag: Tickets für Madame Tussauds	i want tickets for madame tussauds	correct	correct
3834	RG	Frag: 1 Ticket	i need one ticket	correct	correct
3835	RG	Frag: 1 Musical-Ticket	i need one musical ticket	correct	correct
3836	meaning_reject	Frag: ein Ticket für heute Abend	a ticket for night	incorrect	incorrect
3837	RG	Frag: ein Ticket für heute Abend	i want tickets for this evening	correct	correct
3838	magic	Frag: ein Ticket für Mamma Mia	i want a ticket for mamma mia	correct	correct
3839	RG	Frag: Ticket für dieses Musical	i want a ticket for this musical	correct	correct
3840	no method	Sag: Ich möchte vorne sitzen	i want sit up front	incorrect	correct
3841	RG	Sag: Ich möchte vorne sitzen	i would like to sit in the front	correct	correct
3842	RG	Frag: Tickets für das British Museum	i need tickets for the british museum	correct	correct
3843	RG	Frag: Tickets für das British Museum	can i have tickets for the british museum	correct	correct
3844	RG	Frag: 2 Tickets	i need two tickets	correct	correct
3845	RG	Frag: 2 Musical-Tickets	i need two musical tickets	correct	correct
3846	magic	Frag: ein Ticket für Samstagabend	i need a ticket for saturday night	correct	correct
3847	RG	Frag: 2 Tickets für König der Löwen	i need two tickets for the lion king	correct	correct
3848	RG	Sag: Ich möchte vorne sitzen	i want to sit in the front	correct	correct
3849	RG	Frag: Tickets für das Science Museum	i want tickets for the science museum	correct	correct
3850	RG	Frag: 1 Ticket	i need one ticket	correct	correct
3851	RG	Frag: Wo ist das Naturhistorische Museum?	where is the natural history museum	correct	correct
3852	magic	Frag: Wo ist die Oxford Street?	where is the oxford street	correct	correct
3853	RG	Frag: Welcher Bus fährt dorthin?	which bus goes there	correct	correct
3854	RG	Sag: Der Tower ist nahe der Tower Bridge	the tower is near the tower bridge	correct	correct
3855	RG	Frag: Wo ist das Naturhistorische Museum?	where is the natural history museum	correct	correct
3856	RG	Frag: Wo ist Piccadilly Circus?	where is piccadilly circus	correct	correct
3857	RG	Frag: Welcher Bus fährt dorthin?	which bus goes there	correct	correct
3858	no method	Sag: Big Ben ist neben den Houses of Parliament	the big ben is beside the houses of parliament	incorrect	correct
3859	RG	Frag: Wo ist das Naturhistorische Museum?	where is the natural history museum	correct	correct
3860	no method	Frag: Wo ist der Tower?	you can't use help at the silver level	incorrect	incorrect
3861	RG	Frag: Wo ist der Tower?	where is the tower	correct	correct
3862	no method	Sag: Marble Arch ist gegenüber dem Hyde Park	marble arch is across hyde street park	incorrect	incorrect
3863	RG	Frag: Wo ist die National Gallery?	where is the national gallery	correct	correct
3864	magic	Frag: Wo ist Big Ben?	where is the big ben	correct	correct
3865	RG	Frag: Welcher Bus fährt dorthin?	which bus goes there	correct	correct
3866	RG	Sag: Der Tower ist nahe der Tower Bridge	the tower is near tower bridge	correct	correct
3867	RG	Frag: Wo ist der Zoo?	where is the zoo	correct	correct
3868	RG	Frag: Wo ist Madame Tussauds?	where is madame tussauds	correct	correct
3869	RG	Frag: Welcher Bus fährt dorthin?	which bus goes there	correct	correct
3870	RG	Sag: Der Tower ist nahe der Tower Bridge	the tower is near tower bridge	correct	correct
3871	no method	Frag: einen Orangensaft	i want a an orange juice	incorrect	correct
3872	RG	Frag: einen Orangensaft	i want an orange juice	correct	correct
3873	RG	Frag: einen Hamburger	i want a hamburger	correct	correct
3874	RG	Frag: meinen Hamburger rare	i want my hamburger rare	correct	correct
3875	magic	Frag: Erbsen	i want peas	correct	correct
3876	no method	Frag: Erbsen	i want peas	incorrect	correct
3877	RG	Frag: Erbsen	i would like some peas	correct	correct
3878	Restarant Cluster	Frag: Ich möchte die Dessertkarte	can i have the dessert card	incorrect	correct
3879	Restarant Cluster	Frag: Ich möchte die Dessertkarte	can i have the dessert card	incorrect	correct
3880	RG	Frag: Ich möchte die Dessertkarte	the dessert menu	correct	correct
3882	RG	Frag: Karrotenkuchen	can i have the carrot cake	correct	correct
3883	RG	Frag: Ich möchte die Rechnung	i would like the bill	correct	correct
3888	RG	Sag: Ich habe keine Reservation	i do not have a reservation	correct	correct
3889	RG	Frag: Zimmer für 2 Nächte	a room for two nights	correct	correct
3890	RG	Frag: Suite	i would like a suite	correct	correct
3891	credit card cluster	Sag: Ich möchte mit Mastercard bezahlen	i would like pay with mastercard	correct	correct
3892	credit card cluster	Sag: Ich möchte mit Mastercard bezahlen	are there a coiffeur	incorrect	incorrect
3893	no method	Frag: Zimmer für 1 Woche	i would like a room for once a week	incorrect	incorrect
3894	RG	Frag: Suite	i would like a suite	correct	correct
3896	RG	Frag: Gibt es einen Lebensmittelladen?	is there a grocery store	correct	correct
3897	RG	Frag: Wo ist der Lebensmittelladen?	where is the grocery store	correct	correct
3898	RG	Frag: 1 Musical-Ticket	can i have one musical ticket	correct	correct
3899	magic	Frag: 1 Musical-Ticket	a ticket for wednesday evening	correct	incorrect
3900	no method	Frag: ein Ticket für morgen Abend	a ticket for	incorrect	incorrect
3901	meaning_reject	Frag: ein Ticket für morgen Abend	a ticket for morning night	incorrect	incorrect
3902	RG	Frag: ein Ticket für morgen Abend	a ticket for tomorrow night	correct	correct
3903	magic	Frag: ein Ticket für Starlight Express	i would like a ticket for starlight express	correct	correct
3904	RG	Frag: ein Ticket für Starlight Express	a ticket for starlight express	correct	correct
3905	RG	Frag: ein Ticket für Starlight Express	a ticket for starlight express	correct	correct
3906	RG	Sag: Ich möchte in der Mitte sitzen	i want to sit in the middle	correct	correct
3907	RG	Frag: Tickets für das London Eye	can i have tickets for the london eye	correct	correct
3908	RG	Frag: 4 Tickets	i need four tickets	correct	correct
3909	RG	Sag: Mir geht es gut	i am fine	correct	correct
3910	RG	Frag: Stiefel	i want boots	correct	correct
3911	RG	Frag: weisse Stiefel	i want white boots	correct	correct
3912	RG	Frag: Grösse 36	thirty-six	correct	correct
3913	RG	Frag: ein T-Shirt	i want a t-shirt	correct	correct
3914	RG	Frag: ein gelbes T-Shirt	i want a yellow t-shirt	correct	correct
3915	no method	Frag: eine L	big	incorrect	correct
3916	no method	Frag: eine L	great	incorrect	incorrect
3917	RG	Frag: eine L	i am a large	correct	correct
3918	RG	Frag: Wie viel kostet es?	how much is it	correct	correct
3919	no method	Sag: Dies ist zu teuer	that is too expensive	incorrect	correct
3920	RG	Sag: Mir geht es gut	i am fine	correct	correct
3921	RG	Frag: Sandalen	i want sandals	correct	correct
3922	RG	Frag: rote Sandalen	i want red sandals	correct	correct
3923	RG	Frag: Grösse 38	thirty-eight	correct	correct
3924	RG	Frag: ein T-Shirt	i want a t-shirt	correct	correct
3925	RG	Frag: ein gelbes T-Shirt	i want a yellow t-shirt	correct	correct
3926	no method	Frag: eine L	great	incorrect	incorrect
3927	no method	Frag: eine L	great	incorrect	incorrect
3928	RG	Frag: eine L	i am a large	correct	correct
3929	RG	Frag: Wie viel kostet es?	how much is it	correct	correct
3930	RG	Sag: Das T-Shirt ist zu teuer	the t-shirt is too expensive	correct	correct
3931	RG	Sag: Mir geht es gut	i am fine	correct	correct
3932	RG	Frag: Stiefel	i want boots	correct	correct
3933	RG	Frag: braune Stiefel	i want brown boots	correct	correct
3934	RG	Frag: Grösse 39	thirty-nine	correct	correct
3935	RG	Frag: ein T-Shirt	i want a t-shirt	correct	correct
3936	RG	Frag: ein braunes T-Shirt	i want a brown t-shirt	correct	correct
3938	RG	Frag: Wie viel kostet das T-Shirt?	how much is the t-shirt	correct	correct
3940	RG	Sag: Mir geht es gut	i am fine	correct	correct
3941	RG	Frag: Sandalen	i want sandals	correct	correct
3942	RG	Frag: weisse Sandalen	i want white sandals	correct	correct
3943	RG	Frag: Grösse 44	forty-four	correct	correct
3944	magic	Frag: Hosen	i want pants	correct	correct
3945	RG	Frag: Hosen	i am looking for trousers	correct	correct
3946	RG	Frag: rote Hosen	i want red trousers	correct	correct
3947	RG	Frag: eine S	small	correct	correct
3948	no method	Frag: Wie viel kostet die Hose?	how much are the croasts	incorrect	incorrect
3949	no method	Frag: Wie viel kostet die Hose?	how much does the trousers cost	incorrect	correct
3950	RG	Sag: Die Hose ist zu teuer	the trousers is too expensive	correct	correct
3952	RG	Sag: Ich heisse Sarah	my name is sarah	correct	correct
3953	RG	Sag: Ich bin aus Italien	i am from italy	correct	correct
3954	RG	Sag: Die Hauptstadt von Italien ist Rom	the capital of italy is rome	correct	correct
3955	magic	Sag: Ich habe 1 Bruder	i have a brother	correct	correct
3956	RG	Sag: Ich habe 1 Bruder	i have one brother	correct	correct
3958	RG	Sag: Dies ist mein Pass	this is my passport	correct	correct
3959	RG	Sag: Dies ist mein Pass	it is my passport	correct	correct
3960	RG	Sag: Ich heisse Michelle	my name is michelle	correct	correct
3961	RG	Sag: Ich bin aus Deutschland	i am from germany	correct	correct
3962	RG	Sag: Die Hauptstadt von Deutschland ist Berlin	the capital of germany is berlin	correct	correct
3963	RG	Sag: Ich habe 4 ältere Brüder	i have four older brothers	correct	correct
3966	RG	Sag: Dies ist mein Pass	it is my passport	correct	correct
3967	RG	Frag: ein Ticket zum Green Park	i need a ticket to green park	correct	correct
3968	RG	Sag: Ich möchte mit Kreditkarte bezahlen	i would like to pay by credit card	correct	correct
3969	RG	Frag: 2 Tickets nach London	i need two tickets to london	correct	correct
3970	RG	Sag: Ich möchte am Freitagmorgen abreisen	i want to leave on friday morning	correct	correct
3971	RG	Sag: Ich heisse Silvia	my name is silvia	correct	correct
3972	RG	Sag: Ich bin aus England	i am from england	correct	correct
3973	RG	Frag: 6 Tickets nach London	i need six tickets to london	correct	correct
3974	magic	Sag: Ich möchte am Freitagabend abreisen	i want to leave on friday night	correct	correct
3975	RG	Sag: Ich heisse Stephanie	my name is stephanie	correct	correct
3976	RG	Sag: Ich bin aus Deutschland	i am from germany	correct	correct
3977	RG	Frag: 2 Tickets nach London	i need two tickets to london	correct	correct
3978	RG	Sag: Ich möchte um 8 Uhr morgen abreisen	i want to leave at eight o'clock tomorrow	correct	correct
3979	RG	Frag: Wie viel kostet es?	how much is it	correct	correct
3980	RG	Frag: billigeres Ticket	i want a cheaper ticket	correct	correct
3981	RG	Sag: Das ist okay	this is okay	correct	correct
3982	RG	Sag: Ich heisse Paul	my name is paul	correct	correct
3983	RG	Sag: Ich bin aus Australien	i am from australia	correct	correct
3986	RG	Sag: Ich habe keine Reservation	i do no i do not have a reservation	correct	correct
3987	RG	Frag: Zimmer für 6 Nächte	a room for six nights	correct	correct
3988	RG	Frag: Doppelzimmer	a double room	correct	correct
3989	RG	Frag: Doppelzimmer	i would like a double room	correct	correct
3991	RG	Frag: Gibt es einen Lift?	is there a lift	correct	correct
3992	RG	Frag: 2 Musical-Tickets	i need two musical tickets	correct	correct
3993	RG	Frag: 2 Tickets für Sonntagabend	i need two tickets for sunday night	correct	correct
3995	RG	Sag: Ich möchte in der fünften Reihe sitzen	i would like to sit in the fifth row	correct	correct
3996	RG	Frag: Tickets für das Science Museum	i need tickets for the science museum	correct	correct
3997	RG	Frag: 1 Ticket	i need one ticket	correct	correct
3998	RG	Frag: 2 Musical-Tickets	i need two musical tickets	correct	correct
3999	RG	Frag: 2 Tickets für heute Abend	i need two tickets for tonight	correct	correct
4000	RG	Frag: 2 Tickets für Mamma Mia	i need two tickets for mamma mia	correct	correct
4001	no method	Frag: Ticket für dieses Musical	i need tickets a ticket for this musical	incorrect	correct
4002	magic	Frag: Ticket für dieses Musical	i need a ticket for this musical	correct	correct
4003	RG	Sag: Ich möchte hinten sitzen	i want to sit in the back	correct	correct
4004	RG	Frag: Tickets für das British Museum	i need tickets for the british museum	correct	correct
4005	RG	Frag: 3 Tickets	i need three tickets	correct	correct
4006	RG	Frag: Zimmer für 5 Nächte	i want a room for five nights	correct	correct
4007	no method	Frag: Twinzimmer	i want a double room	incorrect	incorrect
4008	RG	Frag: Twinzimmer	a twin room	correct	correct
4009	RG	Sag: Ich möchte mit Visa bezahlen	can i pay with visa	correct	correct
4010	credit card cluster	Sag: Ich möchte mit Euros bezahlen	i will pay with euros	correct	correct
4011	no method	Frag: Gibt es ein Hotelrestaurant?	are there a hotel restaurant	incorrect	correct
4012	RG	Frag: Gibt es ein Hotelrestaurant?	is there a hotel restaurant	correct	correct
4014	RG	Sag: Ich habe keine Reservation	i have no reservation	correct	correct
4015	no method	Sag: Ich habe keine Reservation	i do not no i do not have a reservation	incorrect	correct
4016	RG	Sag: Ich habe keine Reservation	i do not have a reservation	correct	correct
4017	RG	Frag: Zimmer für 2 Nächte	a room for two nights	correct	correct
4018	RG	Frag: Suite	i would like a suite	correct	correct
4019	RG	Sag: Ich möchte mit Visa bezahlen	can i pay with visa	correct	correct
4020	RG	Frag: Gibt es einen Lift?	is there a a lift	correct	correct
4021	RG	Frag: Zimmer für 3 Nächte	a room for three nights	correct	correct
4022	RG	Frag: Junior Suite	i would like a junior suite	correct	correct
4023	RG	Sag: Ich möchte mit Visa bezahlen	can i pay with visa	correct	correct
4024	RG	Frag: Gibt es einen Lebensmittelladen?	is there a grocery store	correct	correct
4025	RG	Frag: Wo ist der Lebensmittelladen?	where is the grocery store	correct	correct
4026	RG	Frag: Einzelzimmer	i would like a single room	correct	correct
4028	RG	Frag: Gibt es einen Coiffeur?	is there a hairdresser	correct	correct
4029	RG	Frag: Wo ist der Coiffeur?	where is the hairdresser	correct	correct
4030	no method	Frag: Zimmer für 5 Nächte	want a room for five nights	incorrect	correct
4031	RG	Frag: Wo ist der Coiffeur?	where is the hairdresser	correct	correct
4032	RG	Frag: Zimmer für 5 Nächte	a room for five nights	correct	correct
4033	RG	Frag: Twinzimmer	a twin room	correct	correct
4034	credit card cluster	Sag: Ich möchte mit Kreditkarte bezahlen	i want to pay with a credit card	correct	correct
4035	RG	Frag: Gibt es einen Coiffeur?	do you have a hairdresser	correct	correct
4036	RG	Frag: Wo ist der Coiffeur?	where is the hairdresser	correct	correct
4037	RG	Sag: Mein Badezimmer ist dreckig	my bathroom is dirty	correct	correct
4038	no method	Frag: Wo ist der Haarföhn?	where is the hair blower	incorrect	correct
4039	no method	Frag: Wo ist der Haarföhn?	where is the hair blower	incorrect	correct
4040	no method	Frag: Wo ist der Haarföhn?	where is the hair blower	incorrect	correct
4041	RG	Frag: Zimmer für 3 Nächte	a room for three nights	correct	correct
4042	RG	Frag: Twinzimmer	a twin room	correct	correct
4043	RG	Sag: Ich möchte mit Mastercard bezahlen	i would like to pay with mastercard	correct	correct
4044	RG	Frag: Gibt es eine Hotelbar?	do you have a hotel bar	correct	correct
4045	RG	Frag: Wo ist die Hotelbar?	where is the hotel bar	correct	correct
4046	RG	Sag: Mein WC ist dreckig	my toilet is dirty	correct	correct
4047	no method	Sag: Im Zimmer hat es keinen Haarföhn	in the room	incorrect	incorrect
4048	no method	Sag: Im Zimmer hat es keinen Haarföhn	the room has not a hair dryer	incorrect	correct
4049	no method	Sag: Im Zimmer hat es keinen Haarföhn	in the room is not a hair dryer	incorrect	correct
4050	RG	Frag: Zimmer für 6 Nächte	a room for six nights	correct	correct
4051	RG	Frag: Twinzimmer	a twin room	correct	correct
4052	RG	Frag: ein Ticket zum Trafalgar Square	a ticket to trafalgar square	correct	correct
4053	RG	Frag: ein Ticket zum Trafalgar Square	a ticket to trafalgar square	correct	correct
4058	RG	Sag: Ich möchte mit Mastercard bezahlen	can i pay by master card	correct	correct
4061	RG	Frag: ein Ticket zum Trafalgar Square	can i have a ticket to trafalgar square	correct	correct
4062	credit card cluster	Sag: Ich möchte mit Visa bezahlen	can i pay with a visa	correct	correct
4063	credit card cluster	Sag: Ich möchte mit Pfund bezahlen	can i pay with pfund	incorrect	incorrect
4064	RG	Sag: Ich möchte mit Pfund bezahlen	can i pay with pounds	correct	correct
4065	RG	Frag: 3 Musical-Tickets	can i have three musical tickets	correct	correct
4066	magic	Sag: Ich möchte heute Abend gehen	can i go this evening	correct	correct
4067	RG	Sag: Ich möchte heute Abend gehen	i want to go this evening	correct	correct
4068	no method	Sag: Ich möchte heute Abend gehen	can i go this evening	incorrect	correct
4069	RG	Frag: 3 Tickets für das Phantom der Oper	i want three tickets for the phantom of the opera	correct	correct
4070	no method	Sag: Ich möchte hinten sitzen	can i sit for behind	incorrect	incorrect
4071	RG	Sag: Ich möchte hinten sitzen	i want to sit in the back	correct	correct
4072	no method	Sag: Ich möchte hinten sitzen	can i sit in the back	incorrect	correct
4073	RG	Frag: Tickets für das London Eye	can i have tickets for the london eye	correct	correct
4075	RG	Frag: 4 Tickets für morgen Abend	i would like four tickets for tomorrow evening	correct	correct
4079	no method	Frag: mein Steak rare	i want steak rare	incorrect	correct
4080	magic	Frag: mein Steak rare	i want a rare steak	correct	correct
4081	no method	Frag: mein Steak rare	i would like to have a steak rare	incorrect	correct
4083	no method	Frag: etwas Kartoffelstock	i would like to have some of the smashed potatoes	incorrect	incorrect
4085	Restarant Cluster	Frag: Ich möchte die Dessertkarte	i would like the dessert card	incorrect	correct
4087	no method	Frag: weisse Stiefel	would like white boots	incorrect	correct
4088	RG	Frag: weisse Stiefel	i would like white boots	correct	correct
4089	RG	Frag: Grösse 41	forty one	correct	correct
4090	RG	Frag: Grösse 41	forty one	correct	correct
4091	RG	Frag: Jeans	i want some jeans	correct	correct
4092	magic	Frag: Jeans	i would like to have some jeans	correct	correct
4093	RG	Frag: weisse Jeans	i want white jeans	correct	correct
4094	no method	Frag: eine L	big	incorrect	correct
4095	no method	Frag: eine L	big	incorrect	correct
4097	RG	Frag: Wie viel kostet die Jeans?	how much do the jeans cost	correct	correct
4098	RG	Sag: Dies ist zu teuer	this is too expensive	correct	correct
4099	no method	Frag: Welcher Bus fährt dorthin?	which bus drives there	incorrect	correct
4100	no method	Sag: Marble Arch ist gegenüber dem Hyde Park	marble arch is in front of the hyde park	incorrect	correct
4102	RG	Frag: Gibt es einen Lift?	is there a lift	correct	correct
4103	RG	Frag: Wo ist der Lift?	where is the lift	correct	correct
4104	magic	Frag: Wo ist der Lift?	there is the lift	correct	incorrect
4105	RG	Frag: Wo ist der Lift?	where is the lift	correct	correct
4106	RG	Sag: Ich bin aus Deutschland	i am from germany	correct	correct
4107	RG	Sag: Ich bin aus Spanien	i am from spain	correct	correct
4108	RG	Sag: Ich möchte um 16 Uhr morgen abreisen	i would like to leave tomorrow at four p m	correct	correct
4109	RG	Sag: Ich bin aus Australien	i am from australia	correct	correct
4110	RG	Sag: Ich heisse Janet	my name is janet	correct	correct
4111	RG	Sag: Ich bin aus Österreich	i am from austria	correct	correct
4112	RG	Sag: Ich heisse Erica	my name is erica	correct	correct
4113	RG	Frag: Wo ist der Coiffeur?	where is the hairdresser	correct	correct
4114	RG	Sag: Ich möchte mit Mastercard bezahlen	i want to pay with master card	correct	correct
4115	no method	Frag: Gibt es einen Lebensmittelladen?	does it have a sup supermarket	incorrect	correct
4116	RG	Frag: Gibt es einen Lebensmittelladen?	is there a grocery store	correct	correct
4117	RG	Frag: Gibt es einen Lebensmittelladen?	is there a grocery store	correct	correct
4118	RG	Frag: Wo ist der Lebensmittelladen?	where is the grocery store	correct	correct
4119	RG	Frag: Wo ist der Lebensmittelladen?	where is the grocery store	correct	correct
4120	RG	Frag: Wo ist der Lebensmittelladen?	where is the grocery store	correct	correct
4121	no method	Sag: Ich möchte um 12 Uhr morgen abreisen	i want to leave at twelve o'clock tomorrow	incorrect	correct
4122	no method	Sag: Ich möchte um 12 Uhr morgen abreisen	i would like to leave at twelve o'clock tomorrow	incorrect	correct
4123	RG	Sag: Ich bin aus Schottland	i am from scotland	correct	correct
4125	RG	Frag: Einzelzimmer	a single room	correct	correct
4126	RG	Frag: Einzelzimmer	a single room	correct	correct
4127	credit card cluster	Sag: Ich möchte mit Kreditkarte bezahlen	i want to pay with the credit card	correct	correct
4128	credit card cluster	Sag: Ich möchte mit Kreditkarte bezahlen	would i play with my credit card	correct	incorrect
4129	RG	Sag: Ich möchte mit Kreditkarte bezahlen	i want to pay by credit card	correct	correct
4130	RG	Frag: Gibt es eine Hotelbar?	is there a hotel bar	correct	correct
4131	RG	Sag: Ich habe keine Reservation	i do not have a reservation	correct	correct
4132	RG	Frag: Zimmer für 7 Nächte	a room for seven nights	correct	correct
4133	RG	Frag: Einzelzimmer	a single room	correct	correct
4134	credit card cluster	Sag: Ich möchte mit Kreditkarte bezahlen	i would to pay by credit card	correct	correct
4135	credit card cluster	Sag: Ich möchte mit Kreditkarte bezahlen	i would to play pay by credit card	correct	correct
4136	credit card cluster	Sag: Ich möchte mit Kreditkarte bezahlen	i would pay by credit card	correct	correct
4137	RG	Frag: Gibt es ein Hotelrestaurant?	is there a hotel restaurant	correct	correct
4138	RG	Frag: Wo ist das Hotelrestaurant?	where is the hotel restaurant	correct	correct
4139	RG	Frag: Zimmer für 3 Nächte	a room for three nights	correct	correct
4140	RG	Frag: Zimmer für 3 Nächte	a room for three nights	correct	correct
4141	RG	Frag: Zimmer für 3 Nächte	a room for three nights	correct	correct
4142	RG	Frag: Einzelzimmer	single room	correct	correct
4143	RG	Frag: Einzelzimmer	a single room	correct	correct
4144	RG	Frag: Einzelzimmer	single room	correct	correct
4145	RG	Sag: Ich möchte mit Visa bezahlen	i want to pay by visa	correct	correct
4146	credit card cluster	Sag: Ich möchte mit Visa bezahlen	i would to pay by visa	correct	correct
4147	credit card cluster	Sag: Ich möchte mit Dollars bezahlen	i would to pay by dollars	correct	correct
4148	no method	Frag: Gibt es einen Coiffeur?	is there a coiffeur	incorrect	correct
4149	RG	Frag: Gibt es einen Coiffeur?	is there a hairdresser	correct	correct
4150	RG	Frag: Wo ist der Coiffeur?	where is the hairdresser	correct	correct
4151	RG	Sag: Mein WC ist dreckig	my toilet is dirty	correct	correct
4152	RG	Sag: Im Zimmer hat es kein Shampoo	in the room there is no shampoo	correct	correct
4153	RG	Sag: Im Zimmer hat es kein Shampoo	there is no shampoo in the room	correct	correct
4154	RG	Sag: Im Zimmer hat es kein Shampoo	there is no shampoo in the room	correct	correct
4155	no method	Frag: Wo kann ich ein Shampoo kaufen?	where i can buy shampoo	incorrect	correct
4156	RG	Frag: Wo kann ich ein Shampoo kaufen?	where can i buy shampoo	correct	correct
4157	RG	Frag: 4 Tickets nach London	four tickets to london	correct	correct
4158	magic	Frag: 4 Tickets nach London	four tickets for london	correct	correct
4159	RG	Frag: 4 Tickets nach London	four tickets to london	correct	correct
4161	RG	Sag: Ich habe keine Reservation	i do not have a reservation	correct	correct
4162	no method	Frag: Zimmer für 2 Nächte	i stay for two nights	incorrect	correct
4164	RG	Frag: Doppelzimmer	i would like a double room	correct	correct
4165	credit card cluster	Sag: Ich möchte mit Postkarte bezahlen	i would pay with post card	correct	correct
4166	RG	Frag: Gibt es ein Schwimmbad?	do you have a swimming pool	correct	correct
4167	RG	Frag: Wo ist das Schwimmbad?	where is the swimming pool	correct	correct
4168	no method	Frag: Zimmer für 1 Woche	do not you hahaha i would have a room for one week	incorrect	correct
4171	RG	Frag: Twinzimmer	twin room	correct	correct
4172	RG	Frag: Twinzimmer	a twin room	correct	correct
4174	RG	Sag: Ich möchte mit Kreditkarte bezahlen	i want to pay with credit card	correct	correct
4175	RG	Frag: Gibt es einen Lebensmittelladen?	do you have a supermarket	correct	correct
4176	RG	Frag: Gibt es einen Lebensmittelladen?	is there a supermarket	correct	correct
4177	RG	Frag: Gibt es einen Lebensmittelladen?	is there a grocery store	correct	correct
4178	RG	Frag: Wo ist der Lebensmittelladen?	where is the grocery store	correct	correct
4179	RG	Sag: Das WC ist dreckig	the toilet is dirty	correct	correct
4180	no method	Sag: Im Zimmer hat es keinen Haarföhn	i could not i could not find the	incorrect	incorrect
4181	no method	Sag: Im Zimmer hat es keinen Haarföhn	i could not find the ha hairdryer	incorrect	correct
4182	RG	Sag: Im Zimmer hat es keinen Haarföhn	i could not find the hairdryer	correct	correct
4183	RG	Frag: Wo kann ich einen Haarföhn kaufen?	where i can buy a hairdryer	correct	correct
4184	RG	Frag: Wo kann ich einen Haarföhn kaufen?	where can i buy a hairdryer	correct	correct
4185	no method	Sag: Ich habe keine Reservation	abi du dubbel	incorrect	incorrect
4186	no method	Sag: Ich habe keine Reservation	i have not a	incorrect	incorrect
4187	RG	Sag: Ich habe keine Reservation	i have no reservation	correct	correct
4188	RG	Sag: Ich habe keine Reservation	i have not got a reservation	correct	correct
4189	RG	Frag: Zimmer für 2 Nächte	a room for two nights	correct	correct
4190	RG	Frag: Doppelzimmer	a double room	correct	correct
4191	no method	Frag: Doppelzimmer	a room for two person	incorrect	incorrect
4192	RG	Frag: Doppelzimmer	i would like a double room	correct	correct
4194	RG	Frag: Gibt es ein Hotelrestaurant?	is there a hotel restaurant	correct	correct
4195	RG	Frag: Wo ist das Hotelrestaurant?	where is the hotel restaurant	correct	correct
4196	magic	Frag: ein Ticket nach London	i would have a ticket to london	correct	correct
4197	no method	Frag: ein Ticket nach London	i would one ticket to	incorrect	incorrect
4199	RG	Sag: Ich möchte um 16 Uhr morgen abreisen	i would like to leave tomorrow at four p m	correct	correct
4200	RG	Sag: Ich heisse Michelle	my name is michelle	correct	correct
4201	RG	Sag: Ich bin aus Kanada	i am from canada	correct	correct
4202	RG	Sag: Ich heisse Andy	my name is andy	correct	correct
4203	RG	Sag: Ich bin aus Deutschland	i am from germany	correct	correct
4204	no method	Sag: Die Hauptstadt von Deutschland ist Berlin	the capital of my country is berlin	incorrect	incorrect
4205	RG	Sag: Die Hauptstadt von Deutschland ist Berlin	the capital of germany is berlin	correct	correct
4206	RG	Sag: Ich habe 2 ältere Schwestern	i have two older sisters	correct	correct
4207	RG	Sag: Ich gehe in die Ferien	i am on holiday	correct	correct
4208	RG	Sag: Dies ist mein Pass	this is my passport	correct	correct
4209	RG	Sag: Mir geht es gut	i am good	correct	correct
4210	RG	Sag: Mir geht es gut	i am good	correct	correct
4211	credit card cluster	Sag: Ich möchte mit Kreditkarte bezahlen	i will pay with credit card	correct	correct
4212	credit card cluster	Sag: Ich möchte mit Kreditkarte bezahlen	i will pay with credit card	correct	correct
4213	no method	Frag: Gibt es ein Fitnessstudio?	gives here a fitness studio	incorrect	correct
4214	RG	Frag: Wo ist das Fitnessstudio?	where is the fitness studio	correct	correct
4215	RG	Frag: Wo ist das Fitnessstudio?	where is the fitness studio	correct	correct
4216	no method	Sag: Das WC ist dreckig	the wc is sale	incorrect	incorrect
4217	no method	Sag: Das WC ist dreckig	the wc is sale	incorrect	incorrect
4219	RG	Frag: Zimmer für 3 Nächte	can i have a room for three nights	correct	correct
4220	RG	Frag: Junior Suite	can i have a junior suite	correct	correct
4222	credit card cluster	Sag: Ich möchte mit Postkarte bezahlen	i like pay with post card	correct	correct
4223	no method	Frag: Gibt es einen Coiffeur?	gives here a hairdresser	incorrect	correct
4224	RG	Frag: Wo ist der Coiffeur?	where is the hairdresser	correct	correct
4225	RG	Frag: Wo ist der Coiffeur?	where is the hairdresser	correct	correct
4226	RG	Frag: Wo ist das Science Museum?	where is the science museum	correct	correct
4227	no method	Frag: Wo ist das Science Museum?	where is the single ience museum	incorrect	incorrect
4228	RG	Frag: Wo ist das Science Museum?	where is the science museum	correct	correct
4229	RG	Frag: Wo ist der Tower?	where is the tower	correct	correct
4230	RG	Frag: Wo ist der Tower?	where is the tower	correct	correct
4231	no method	Frag: Wo ist der Tower?	can you give me the directions to the tower of london	incorrect	correct
4232	RG	Frag: Welcher Bus fährt dorthin?	which bus goes there	correct	correct
4233	no method	Sag: Marble Arch ist gegenüber dem Hyde Park	the marble arch is nei on the other side of hyde park	incorrect	incorrect
4234	no method	Sag: Marble Arch ist gegenüber dem Hyde Park	the arch is at the other side opposite hyde park	incorrect	incorrect
4236	RG	Sag: Ich habe keine Reservation	i do not have a reservation	correct	correct
4237	magic	Sag: Ich habe keine Reservation	i have not a reservation	correct	correct
4238	RG	Sag: Ich habe keine Reservation	i do not have a reservation	correct	correct
4239	no method	Sag: Ich habe keine Reservation	i have not reservation	incorrect	correct
4240	no method	Sag: Ich habe keine Reservation	i have not reservation	incorrect	correct
4241	no method	Sag: Ich habe keine Reservation	i have not a reservation	incorrect	correct
4243	no method	Sag: Ich habe keine Reservation	you are a dubbel	incorrect	incorrect
4244	magic	Sag: Ich habe keine Reservation	i do not have not a reservation	correct	correct
4245	no method	Sag: Ich habe keine Reservation	you are a dubbel	incorrect	incorrect
4246	no method	Sag: Ich habe keine Reservation	kuckuck	incorrect	incorrect
4247	magic	Sag: Ich habe keine Reservation	i do not have not a reservation i do not have not a reservation	correct	correct
4248	no method	Sag: Ich habe keine Reservation	grüessech frau käser	incorrect	incorrect
4249	no method	Sag: Ich habe keine Reservation	funktioniert nid jo guet muesch nüt meh säge	incorrect	incorrect
4250	RG	Frag: Zimmer für 3 Nächte	can i have a room for three nights can i have a room for three nights	correct	correct
4251	RG	Frag: Suite	can i have a suite	correct	correct
4252	magic	Frag: Suite	suite	correct	correct
4254	credit card cluster	Sag: Ich möchte mit Visa bezahlen	i would pay with visa	correct	correct
4255	no method	Frag: Gibt es ein Fitnessstudio?	gives here a fitness studio	incorrect	incorrect
4256	RG	Frag: Wo ist das Fitnessstudio?	where is the fitness studio	correct	correct
4257	RG	Frag: Wo ist das Fitnessstudio?	where is the fitness studio	correct	correct
4258	RG	Frag: Wo ist das Fitnessstudio?	where is the fitness studio	correct	correct
4259	RG	Frag: 4 Musical-Tickets	can i have four musical tickets	correct	correct
4260	no method	Frag: 4 Musical-Tickets	i would like buy four musical tickets	incorrect	correct
4261	magic	Frag: 4 Musical-Tickets	i will pay four musical tickets	correct	incorrect
4262	meaning_reject	Frag: ein Ticket für Mittwochabend	can i have a ticket for midday night	incorrect	incorrect
4264	RG	Sag: Ich habe keine Reservation	i do not have a reservation	correct	correct
4265	RG	Sag: Mir geht es gut	i am fine	correct	correct
4266	no method	Frag: Stiefel	i want to have shoes	incorrect	incorrect
4267	RG	Frag: Stiefel	i would like some boots	correct	correct
4268	RG	Frag: weisse Stiefel	i would like white boots	correct	correct
4269	RG	Frag: Grösse 39	thirty-nine	correct	correct
4270	RG	Frag: ein T-Shirt	i would like a t-shirt	correct	correct
4271	magic	Frag: ein T-Shirt	i will like a t-shirt	correct	correct
4272	RG	Frag: ein T-Shirt	i would like a t-shirt	correct	correct
4273	RG	Sag: Mir geht es gut	i am fine	correct	correct
4274	RG	Frag: Sandalen	i would like sandals	correct	correct
4276	RG	Frag: rote Sandalen	i would like red sandals	correct	correct
4277	RG	Frag: rote Sandalen	red sandals	correct	correct
4278	RG	Frag: Grösse 42	forty-two	correct	correct
4279	RG	Frag: Hosen	i would like trousers	correct	correct
4280	RG	Frag: Hosen	i am looking for trousers	correct	correct
4281	RG	Frag: pinkige Hosen	i would like pink trousers	correct	correct
4283	no method	Frag: Wie viel kostet die Hose?	how much does the trousers cost	incorrect	correct
4284	magic	Sag: Die Hose ist zu teuer	this trousers is too teuer	correct	incorrect
4286	no method	Frag: Wo ist das Naturhistorische Museum?	i am looking for the naturally naturally history museum	incorrect	correct
4287	no method	Frag: Wo ist das Naturhistorische Museum?	i am looking for the natury history museum	incorrect	correct
4288	no method	Frag: Wo ist Big Ben?	where are the big ben	incorrect	correct
4289	magic	Frag: Wo ist Big Ben?	where is the big ben	correct	correct
4290	RG	Frag: Welcher Bus fährt dorthin?	which bus goes there	correct	correct
4291	no method	Sag: Marble Arch ist gegenüber dem Hyde Park	marble arch is vis à vis the hyde park	incorrect	incorrect
4292	meaning_reject	Frag: ein Ticket nach Notting Hill	a billet to nothing hill	incorrect	incorrect
4293	no method	Frag: ein Ticket nach Notting Hill	a billet to notting hill	incorrect	incorrect
4294	RG	Frag: ein Ticket nach Notting Hill	i would like a ticket to notting hill	correct	correct
4296	credit card cluster	Sag: Ich möchte mit Mastercard bezahlen	can i pay be mastercard	incorrect	correct
4297	RG	Sag: Ich möchte mit Mastercard bezahlen	can i pay with mastercard	correct	correct
4299	no method	Frag: 5 Tickets nach London	i would like boy five tickets to london	incorrect	correct
4300	RG	Frag: 5 Tickets nach London	i would like five tickets to london	correct	correct
4302	RG	Sag: Ich möchte am Sonntagnachmittag abreisen	i would like to leave on sunday afternoon	correct	correct
4304	RG	Sag: Ich heisse Sarah	my name is sarah	correct	correct
4305	no method	Sag: Ich bin aus Österreich	i am from austrish	incorrect	incorrect
4306	RG	Sag: Ich heisse Silvia	my name is silvia	correct	correct
4307	RG	Sag: Ich bin aus England	i am from england	correct	correct
4308	meaning_reject	Frag: ein Ticket zum Piccadilly Circus	tickets to the pissadilly circus	incorrect	correct
4309	no method	Frag: ein Ticket zum Piccadilly Circus	i want a ticket to piccasarticircus	incorrect	incorrect
4310	RG	Frag: ein Ticket zum Piccadilly Circus	i want a ticket to piccadilly circus	correct	correct
4311	credit card cluster	Sag: Ich möchte mit Mastercard bezahlen	i want buy with the master card	correct	correct
4312	credit card cluster	Sag: Ich möchte mit Mastercard bezahlen	can i pay diner's card	incorrect	incorrect
4313	RG	Frag: 4 Musical-Tickets	four musical tickets	correct	correct
4314	no method	Frag: 4 Musical-Tickets	i want pay four musical tickets	incorrect	correct
4315	RG	Frag: 4 Musical-Tickets	i would like to buy four musical tickets	correct	correct
4317	RG	Frag: 4 Tickets für Mittwochabend	four tickets for wednesday evening	correct	correct
4318	RG	Frag: 4 Tickets für Mittwochabend	i want four tickets for wednesday night	correct	correct
4319	RG	Frag: 4 Tickets für das Phantom der Oper	i want four tickets for the phantom of the opera	correct	correct
4321	RG	Sag: Ich möchte vorne sitzen	i would like to sit in the front	correct	correct
4322	RG	Frag: Tickets für das London Eye	tickets for the london eye	correct	correct
4323	RG	Frag: Tickets für das London Eye	tickets for the london eye	correct	correct
4324	RG	Frag: Tickets für das London Eye	can i have tickets for the london eye	correct	correct
4325	RG	Frag: 2 Tickets	two tickets	correct	correct
4326	RG	Frag: 2 Tickets	can i have two tickets	correct	correct
4327	RG	Frag: eine Limonade	i would like a lemonade	correct	correct
4328	RG	Frag: einen Hamburger	i would like a hamburger	correct	correct
4329	RG	Frag: meinen Hamburger rare	i would like my hamburger rare	correct	correct
4330	RG	Frag: meinen Hamburger rare	i would like my hamburger rare	correct	correct
4331	RG	Frag: meinen Hamburger rare	i would like my hamburger rare	correct	correct
4332	magic	Frag: Auberginen	i would like aubergines	correct	correct
4333	RG	Frag: Auberginen	could i have some aubergines	correct	correct
4334	Restarant Cluster	Frag: Ich möchte die Dessertkarte	i would like the dessert card	incorrect	correct
4335	Restarant Cluster	Frag: Ich möchte die Dessertkarte	i would like the dessert plan	incorrect	incorrect
4336	RG	Frag: Ich möchte die Dessertkarte	the dessert menu	correct	correct
4337	RG	Frag: Custard Tart	i would like the custard tart	correct	correct
4338	Restarant Cluster	Frag: Ich möchte die Rechnung	i would like to pay	incorrect	correct
4339	RG	Frag: Ich möchte die Rechnung	i would like the check	correct	correct
4340	credit card cluster	Sag: Ich möchte mit Kreditkarte bezahlen	i would like pay with the credit card	correct	correct
4343	no method	Sag: Mir geht es gut	eh i am fine	incorrect	correct
4344	RG	Sag: Mir geht es gut	i am good	correct	correct
4346	no method	Frag: Sandalen	i would like sandals jetzt chani	incorrect	incorrect
4347	RG	Frag: Sandalen	i would like sandals	correct	correct
4348	RG	Frag: blaue Sandalen	i would like blue sandals	correct	correct
4349	RG	Frag: Grösse 41	forty-one	correct	correct
4350	RG	Frag: ein T-Shirt	i want a t-shirt	correct	correct
4351	RG	Frag: ein rotes T-Shirt	i want a red t-shirt	correct	correct
4352	no method	Frag: eine S	little	incorrect	correct
4353	no method	Frag: eine S	little	incorrect	correct
4354	no method	Frag: eine S	little eh small	incorrect	correct
4355	RG	Frag: Wie viel kostet das T-Shirt?	how much does the t-shirt cost	correct	correct
4357	RG	Frag: Stiefel	i would like some boots	correct	correct
4358	no method	Frag: Stiefel	i would like some boo	incorrect	incorrect
4359	RG	Frag: Stiefel	i would like some boots	correct	correct
4360	RG	Frag: weisse Stiefel	i would like white boots	correct	correct
4361	RG	Frag: Grösse 43	forty three	correct	correct
4362	RG	Frag: Grösse 43	forty three	correct	correct
4363	RG	Sag: Ich habe keine Reservation	i do not have a reservation	correct	correct
4364	RG	Frag: Zimmer für 2 Nächte	i want a room for two nights	correct	correct
4365	RG	Frag: Einzelzimmer	can i have a single room	correct	correct
4366	RG	Sag: Ich möchte mit Mastercard bezahlen	can i pay with mastercard	correct	correct
4368	RG	Frag: Gibt es ein Fitnessstudio?	is there a gym	correct	correct
4369	RG	Frag: Wo ist das Fitnessstudio?	where is the gym	correct	correct
4370	RG	Sag: Ich habe keine Reservation	i do not have a reservation	correct	correct
4371	RG	Frag: Zimmer für 4 Nächte	i want a room for four nights	correct	correct
4372	no method	Frag: Einzelzimmer	can i you have a single room	incorrect	correct
4373	credit card cluster	Sag: Ich möchte mit Kreditkarte bezahlen	i want pay with credit card	correct	correct
4374	RG	Frag: Gibt es ein Hotelrestaurant?	is there a hotel restaurant	correct	correct
4375	RG	Frag: Wo ist das Hotelrestaurant?	where is the hotel restaurant	correct	correct
4377	RG	Frag: Zimmer für 6 Nächte	can i have a room for six nights	correct	correct
4380	RG	Frag: Gibt es ein Hotelrestaurant?	is there a hotel restaurant	correct	correct
4381	RG	Frag: Wo ist das Hotelrestaurant?	where is the hotel restaurant	correct	correct
4382	RG	Frag: Zimmer für 5 Nächte	can i have a room for five nights	correct	correct
4383	RG	Frag: Doppelzimmer	can i have a double room	correct	correct
4384	credit card cluster	Sag: Ich möchte mit Kreditkarte bezahlen	i want pay with credit card	correct	correct
4385	no method	Frag: Gibt es einen Lebensmittelladen?	there a grocery sto store	incorrect	correct
4386	RG	Frag: Wo ist der Lebensmittelladen?	where is the grocery store	correct	correct
4387	no method	Sag: Ich habe keine Reservation	i have not a reservation	incorrect	correct
4388	no method	Sag: Ich habe keine Reservation	you can't ask help at silver level	incorrect	incorrect
4389	no method	Sag: Ich habe keine Reservation	i do not a reservation	incorrect	correct
4390	no method	Sag: Ich habe keine Reservation	i do not a reservation	incorrect	correct
4392	no method	Sag: Ich habe keine Reservation	i have not a reservation	incorrect	correct
4394	no method	Sag: Ich habe keine Reservation	i can't ask for help at the silver level	incorrect	incorrect
4395	no method	Sag: Ich habe keine Reservation	you can't ask help at the silver level	incorrect	incorrect
4396	RG	Sag: Ich heisse Thomas	my name is thomas	correct	correct
4397	RG	Sag: Ich bin aus Irland	i am from ireland	correct	correct
4398	RG	Frag: ein Ticket nach London	i want one ticket to london	correct	correct
4399	no method	Sag: Ich möchte um 18 Uhr morgen abreisen	i want to leave at six pm tomorrow	incorrect	correct
4400	RG	Sag: Ich heisse Thomas	my name is thomas	correct	correct
4401	RG	Sag: Ich bin aus Spanien	i am from spain	correct	correct
4402	RG	Sag: Ich heisse Patrick	my name is patrick	correct	correct
4403	RG	Sag: Ich bin aus der Schweiz	i am from switzerland switzerland	correct	correct
4404	no method	Sag: Die Hauptstadt von der Schweiz ist Bern	the capital city of the swiss is bern	incorrect	correct
4405	RG	Sag: Die Hauptstadt von der Schweiz ist Bern	the capital of switzerland is bern	correct	correct
4406	RG	Sag: Ich habe 3 ältere Brüder	i have three older brothers	correct	correct
4408	no method	Sag: Ich gehe in die Ferien	i going on holidays	incorrect	correct
4409	RG	Sag: Dies ist mein Pass	this is my passport	correct	correct
4410	RG	Sag: Dies ist mein Pass	it is my passport	correct	correct
4411	RG	Frag: ein Ticket nach Notting Hill	can i have a ticket to notting hill	correct	correct
4412	credit card cluster	Sag: Ich möchte mit Visa bezahlen	pay with visa	correct	correct
4413	RG	Sag: Ich möchte mit Visa bezahlen	can i pay with visa	correct	correct
4415	RG	Frag: 1 Musical-Ticket	can i have one musical ticket	correct	correct
4417	RG	Sag: Ich möchte am Dienstagabend gehen	i want to go on tuesday evening	correct	correct
4418	RG	Frag: ein Ticket für Mamma Mia	a ticket for mamma mia	correct	correct
4419	RG	Frag: ein Ticket für Mamma Mia	i want one ticket for mamma mia	correct	correct
4420	RG	Sag: Ich möchte in der fünften Reihe sitzen	i would like to sit in the fifth row	correct	correct
4421	RG	Sag: Ich möchte in der fünften Reihe sitzen	i want to sit in the fifth row	correct	correct
4422	RG	Frag: Tickets für die National Gallery	i would like tickets for the national gallery	correct	correct
4423	RG	Frag: 2 Tickets	can i have two tickets	correct	correct
4424	RG	Frag: Zimmer für 4 Nächte	i want a room for four nights	correct	correct
4425	RG	Frag: Doppelzimmer	can i have a double room	correct	correct
4426	credit card cluster	Sag: Ich möchte mit Visa bezahlen	i want pay with visa card	correct	correct
4427	credit card cluster	Sag: Ich möchte mit Visa bezahlen	i want pay with visa	correct	correct
4428	credit card cluster	Sag: Ich möchte mit Visa bezahlen	i want pay with visa	correct	correct
4429	RG	Frag: Gibt es ein Hotelrestaurant?	is there a hotel restaurant	correct	correct
4430	RG	Frag: Wo ist das Hotelrestaurant?	where is the hotel restaurant	correct	correct
4431	RG	Frag: Wo ist das Hotelrestaurant?	where is the hotel restaurant	correct	correct
4432	RG	Frag: Wo ist die National Gallery?	where is the national gallery	correct	correct
4433	magic	Frag: Wo ist Piccadilly Circus?	where is the piccadilly circus	correct	correct
4434	no method	Frag: Wo ist Piccadilly Circus?	where is the piccadilly circus	incorrect	correct
4435	no method	Frag: Wo ist Piccadilly Circus?	where is the piccadilly bill	incorrect	incorrect
4436	RG	Sag: Es ist nahe der Bank of England	it is near the bank of england near the bank england	correct	correct
4437	RG	Sag: Es ist nahe der Bank of England	it is near the bank of england	correct	correct
4438	RG	Sag: Mir geht es gut	i am good	correct	correct
4439	RG	Frag: Stiefel	i would like some boots	correct	correct
4440	RG	Frag: weisse Stiefel	i would like white boots	correct	correct
4441	RG	Frag: weisse Stiefel	i would like white boots	correct	correct
4442	no method	Frag: Grösse 42	question forty-two	incorrect	incorrect
4443	RG	Frag: ein T-Shirt	i would like a t-shirt	correct	correct
4444	RG	Frag: ein T-Shirt	i would like a t-shirt	correct	correct
4445	RG	Frag: ein gelbes T-Shirt	i would like a yellow t-shirt	correct	correct
4446	RG	Frag: eine S	small	correct	correct
4447	RG	Frag: Wie viel kostet das T-Shirt?	how much is this tee shirt	correct	correct
4449	no method	Sag: Dies ist zu teuer	this is too cher	incorrect	incorrect
4450	RG	Sag: Dies ist zu teuer	it is too expensive	correct	correct
4451	RG	Sag: Mir geht es gut	i am good	correct	correct
4452	RG	Frag: Sandalen	i am looking for sandals	correct	correct
4453	RG	Frag: blaue Sandalen	i would like blue sandals	correct	correct
4454	RG	Frag: blaue Sandalen	blue sandals	correct	correct
4455	no method	Frag: Grösse 43	question forty three	incorrect	incorrect
4456	no method	Frag: Grösse 43	i am a forty-two	incorrect	incorrect
4457	RG	Frag: ein Hemd	i want a shirt	correct	correct
4458	RG	Frag: ein Hemd	i want a shirt	correct	correct
4459	RG	Frag: ein pinkiges Hemd	i would like a pink shirt	correct	correct
4460	no method	Frag: eine L	big	incorrect	correct
4461	no method	Sag: Dies ist zu eng	is it too tight	incorrect	correct
4462	RG	Sag: Dies ist zu eng	this is too tight	correct	correct
4463	RG	Sag du möchtest nicht: dieses Hemd	i do not want this shirt	correct	correct
4464	RG	Sag, dass du es nicht möchtest	i do not want it	correct	correct
4465	no method	Sag: Ich habe keine Reservation	i have not a reservation	incorrect	correct
4466	no method	Sag: Ich habe keine Reservation	you can't ask help at the silver level	incorrect	incorrect
4468	RG	Frag: ein Ticket zum Piccadilly Circus	i want a ticket to piccadilly circus	correct	correct
4470	RG	Frag: 4 Tickets nach London	i want four tickets to london	correct	correct
4471	no method	Frag: 4 Tickets nach London	i would like	incorrect	incorrect
4472	RG	Frag: 4 Tickets nach London	i would like four tickets to london	correct	correct
4473	RG	Sag: Ich möchte am Dienstagabend abreisen	i want to leave on tuesday evening	correct	correct
4474	RG	Sag: Ich heisse Nick	my name is nick	correct	correct
4475	RG	Sag: Ich bin aus Österreich	i am from austria	correct	correct
4476	RG	Frag: 2 Tickets nach London	i would like two tickets to london	correct	correct
4477	RG	Sag: Ich möchte am Sonntag abreisen	i want to leave on sunday	correct	correct
4478	RG	Sag: Ich heisse Patrick	my name is patrick	correct	correct
4479	RG	Frag: 3 Tickets nach London	can i have three tickets to london	correct	correct
4480	no method	Sag: Ich möchte am Samstagabend abreisen	i like to leave at sat saturday evening	incorrect	correct
4481	RG	Sag: Ich heisse Barbara	my name is barbara	correct	correct
4482	no method	Sag: Ich bin aus Spanien	i am from espanien	incorrect	correct
4483	no method	Sag: Ich bin aus Spanien	i am from espania	incorrect	correct
4484	RG	Sag: Ich heisse James	my name is james	correct	correct
4485	no method	Sag: Ich bin aus Italien	i am from italia	incorrect	incorrect
4486	no method	Sag: Die Hauptstadt von Italien ist Rom	the capital of italian is rome	incorrect	correct
4487	no method	Sag: Ich habe 4 Schwestern	i have four siblings	incorrect	incorrect
4488	RG	Sag: Ich habe 4 Schwestern	i have four sisters	correct	correct
4489	no method	Sag: Ich gehe in die Ferien	i go on the holiday	incorrect	correct
4490	RG	Sag: Dies ist mein Pass	this is my passport	correct	correct
4491	RG	Sag: Ich heisse Silvia	my name is silvia	correct	correct
4492	no method	Sag: Ich bin aus Spanien	i am from espania	incorrect	correct
4493	meaning_reject	Sag: Die Hauptstadt von Spanien ist Madrid	the capital of espania is madrid	incorrect	correct
4494	RG	Sag: Ich habe 4 ältere Schwestern	i have four older sisters	correct	correct
4496	RG	Sag: Dies ist mein Pass	this is my passport	correct	correct
4497	RG	Sag: Ich heisse Erica	my name is erica	correct	correct
4498	RG	Sag: Ich bin aus Australien	i am from australia	correct	correct
4499	RG	Sag: Ich heisse Mona	my name is mona	correct	correct
4500	RG	Sag: Ich bin aus Amerika	i am from america	correct	correct
4501	RG	Sag: Ich heisse Michelle	my name is michelle	correct	correct
4502	RG	Sag: Ich bin aus England	i am from england	correct	correct
4503	RG	Sag: Ich heisse Jack	my name is jack	correct	correct
4504	RG	Sag: Ich bin aus Schottland	i am from scotland	correct	correct
4505	RG	Sag: Ich heisse Jack	my name is jack	correct	correct
4506	RG	Sag: Ich bin aus Österreich	i am from austria	correct	correct
4507	RG	Sag: Österreich ist nicht in Afrika	austria is not in africa	correct	correct
4508	RG	Sag: Österreich ist in Europa	austria is in europe	correct	correct
4509	RG	Sag: Das ist okay	that is okay	correct	correct
4510	RG	Sag: Das ist okay	that is okay	correct	correct
4511	RG	Sag: Das ist okay	that is okay	correct	correct
4512	no method	Sag: Die Hauptstadt von Österreich ist Wien	the capital of austria is wien	incorrect	correct
4513	no method	Sag: Ich habe eine ältere Schwester	i have three older sisters	incorrect	incorrect
4514	no method	Sag: Ich habe eine ältere Schwester	i have three older sisters	incorrect	incorrect
4515	no method	Sag: Ich habe eine ältere Schwester	i have three older sisters	incorrect	incorrect
4517	RG	Sag: Dies ist mein Pass	this is my passport	correct	correct
4518	RG	Sag: Dies ist mein Pass	this is my passport	correct	correct
4519	magic	Frag: ein Ticket zum Green Park	can i have a ticket to the green park	correct	correct
4520	credit card cluster	Sag: Ich möchte mit Kreditkarte bezahlen	i like to pay with credit card	correct	correct
4521	credit card cluster	Sag: Ich möchte mit Pfund bezahlen	i like to buy with pounds	correct	correct
4522	no method	Sag: Ich habe nur grosse Noten	i have only great note	incorrect	incorrect
4523	RG	Sag: Ich habe nur grosse Noten	i only have large notes	correct	correct
4524	no method	Frag: Wo ist der Geldautomat?	euh where is the atm	incorrect	correct
4525	RG	Frag: Wo ist der Geldautomat?	where is the a t m	correct	correct
4526	no method	Frag: ein Ticket zum Trafalgar Square	can i have a ticket to the travel squares	incorrect	incorrect
4527	credit card cluster	Sag: Ich möchte mit Postkarte bezahlen	i like to pay by post card	correct	correct
4528	credit card cluster	Sag: Ich möchte mit Schweizer Franken bezahlen	i like to pay by swiss francs	correct	correct
4529	credit card cluster	Sag: Ich möchte mit Schweizer Franken bezahlen	i like pay with swiss francs	correct	correct
4530	RG	Sag: Ich möchte mit Schweizer Franken bezahlen	can i pay with swiss francs	correct	correct
4531	RG	Sag: Ich habe kleinere Note	i have smaller notes	correct	correct
4532	RG	Frag: ein Ticket nach Notting Hill	can i have a ticket to notting hill	correct	correct
4533	credit card cluster	Sag: Ich möchte mit Visa bezahlen	can i pay with vi visa	correct	correct
4534	RG	Sag: Ich möchte mit Euros bezahlen	can i pay with euros	correct	correct
4535	magic	Sag: Ich habe nur grosse Noten	i have only big notes	correct	correct
4536	no method	Sag: Ich habe nur grosse Noten	i only have big notes	incorrect	correct
4538	magic	Sag: Kann ich mit Kreditkarte bezahlen	can i pay with credit card	correct	correct
4539	no method	Sag: Kann ich mit Kreditkarte bezahlen	can i pay with credit card	incorrect	correct
4540	magic	Sag: Kann ich mit Kreditkarte bezahlen	i like to pay with credit card	correct	correct
4541	RG	Frag: 3 Musical-Tickets	can i have three musical tickets	correct	correct
4542	no method	Frag: ein Ticket für Donnerstagabend	i like to go at tuesday evening	incorrect	incorrect
4544	RG	Frag: 3 Tickets für Wicked	can i have three tickets for wicked	correct	correct
4545	RG	Sag: Ich möchte in der vierten Reihe sitzen	i would like to sit in the fourth row	correct	correct
4546	magic	Frag: Tickets für das Naturhistorische Museum	can i have tickets for the natural museum	correct	incorrect
4547	RG	Frag: 2 Tickets	can i have two tickets	correct	correct
4548	RG	Frag: 1 Musical-Ticket	can i have one musical ticket	correct	correct
4549	meaning_reject	Frag: ein Ticket für Freitagabend	i like to go at friday night	incorrect	correct
4550	no method	Frag: ein Ticket für Freitagabend	can i have a ticket for friday night	incorrect	correct
4551	no method	Frag: ein Ticket für Freitagabend	i couldn't understand you	incorrect	incorrect
4552	magic	Frag: ein Ticket für Billy Elliot	can i have a ticket for billy elliot	correct	correct
4553	no method	Sag: Ich möchte vorne sitzen	i like to sat on the first row	incorrect	correct
4554	no method	Sag: Ich möchte vorne sitzen	i like to sit in the first row	incorrect	correct
4556	RG	Frag: Tickets für die National Gallery	can i have tickets for the national gallery	correct	correct
4557	RG	Frag: 4 Tickets	can i have four tickets	correct	correct
4558	RG	Frag: 4 Musical-Tickets	can i have four musical tickets	correct	correct
4559	magic	Sag: Ich möchte am Dienstagabend gehen	i like to go at tuesday night	correct	correct
4560	RG	Frag: 4 Tickets für Wicked	can i have four tickets for wicked	correct	correct
4562	RG	Frag: Tickets für die National Gallery	can i have tickets for the national gallery	correct	correct
4563	RG	Frag: 3 Tickets	can i have three tickets	correct	correct
4564	RG	Frag: einen Tee	can i have a tea	correct	correct
4565	RG	Frag: einen Tee	i would like a tea	correct	correct
4566	RG	Frag: einen Hamburger	i would like a hamburger	correct	correct
4567	RG	Frag: meinen Hamburger medium	i would like my hamburger medium	correct	correct
4568	RG	Frag: etwas Knoblauchbrot	i would like some garlic bread	correct	correct
4569	Restarant Cluster	Frag: Ich möchte die Dessertkarte	can i have the dessert card	incorrect	correct
4570	Restarant Cluster	Frag: Ich möchte die Dessertkarte	i would like the dessert card	incorrect	correct
4571	RG	Frag: Ich möchte die Dessertkarte	the dessert menu	correct	correct
4572	RG	Frag: ein Wasser ohne Kohlensäure	can i have a still water	correct	correct
4573	RG	Frag: den Sonntagsbraten	i would like the sunday roast	correct	correct
4574	RG	Frag: den Sonntagsbraten	can i have the sunday roast	correct	correct
4575	no method	Frag: meinen Sonntagsbraten medium	i like my sunday roast medium	incorrect	correct
4576	RG	Frag: Pilze	can i have some mushrooms	correct	correct
4577	RG	Sag: Dies ist nicht was ich bestellt habe	this is not what i ordered	correct	correct
4578	RG	Frag: Ich möchte die Dessertkarte	can i have the dessert menu	correct	correct
4579	RG	Frag: Ich möchte die Dessertkarte	can i have the dessert menu	correct	correct
4580	RG	Frag: Custard Tart	i would like the custard tart	correct	correct
4581	RG	Frag: Ich möchte die Rechnung	can i have the bill	correct	correct
4582	credit card cluster	Sag: Ich möchte mit Kreditkarte bezahlen	i like to pay by credit card	correct	correct
4583	RG	Frag: eine Fanta	can i have a fanta	correct	correct
4584	RG	Frag: ein Steak	can i have a steak	correct	correct
4585	magic	Frag: mein Steak medium	i like my steak medium	correct	correct
4586	no method	Frag: Bohnen	i would like bones	incorrect	incorrect
4587	RG	Frag: Bohnen	i would like some beans	correct	correct
4588	RG	Frag: Ich möchte die Dessertkarte	can i have the dessert menu	correct	correct
4589	RG	Frag: Ich möchte die Dessertkarte	can i have the dessert menu	correct	correct
4590	RG	Frag: Ich möchte die Dessertkarte	the dessert menu	correct	correct
4591	RG	Frag: eine Cola	can i have a coke	correct	correct
4592	RG	Frag: ein Steak	can i have a steak	correct	correct
4593	RG	Frag: ein Steak	can i have the steak	correct	correct
4594	RG	Frag: ein Steak	i would like the steak	correct	correct
4595	RG	Frag: mein Steak durchgebraten	i would like my steak well done	correct	correct
4596	no method	Frag: mein Steak durchgebraten	i would like my steak well down	incorrect	correct
4597	RG	Frag: die Tagessuppe	can i have the soup of the day	correct	correct
4598	RG	Sag: Dies ist nicht was ich bestellt habe	that is not what i ordered	correct	correct
4599	no method	Sag: Dies ist nicht was ich bestellt habe	that is not what i order	incorrect	correct
4600	RG	Sag: Dies ist nicht was ich bestellt habe	this is not what i ordered	correct	correct
4601	Restarant Cluster	Frag: Ich möchte die Dessertkarte	can i have the dessert menu can i have the dessert menu	incorrect	correct
4602	RG	Frag: Ich möchte die Dessertkarte	can i have the dessert menu	correct	correct
4603	RG	Frag: Custard Tart	i would like the custard tart	correct	correct
4604	RG	Frag: Ich möchte die Rechnung	can i have the bill	correct	correct
4605	credit card cluster	Sag: Ich möchte mit Kreditkarte bezahlen	i like to pay with credit card	correct	correct
4606	RG	Frag: eine Limonade	can i have a lemonade	correct	correct
4607	RG	Frag: ein Steak	can i have the steak	correct	correct
4608	magic	Frag: mein Steak rare	i like my steak rare	correct	correct
4609	no method	Frag: etwas Knoblauchbrot	can i have a cursy bread	incorrect	incorrect
4610	no method	Frag: etwas Knoblauchbrot	can i have a bit percy bread	incorrect	incorrect
4611	no method	Frag: etwas Knoblauchbrot	can i have a bit toast bread	incorrect	incorrect
4612	RG	Sag: Dies ist nicht was ich bestellt habe	this is not what what i ordered	correct	correct
4613	RG	Frag: Ich möchte die Dessertkarte	can i have the dessert menu	correct	correct
4614	RG	Frag: Ich möchte die Dessertkarte	can i have the dessert menu	correct	correct
4615	RG	Frag: Ich möchte die Dessertkarte	can i have the dessert menu	correct	correct
4617	no method	Frag: Zitronenkuchen	i would like a citro cake	incorrect	incorrect
4618	no method	Frag: Zitronenkuchen	i would like the cake of citro	incorrect	incorrect
4619	RG	Frag: Ich möchte die Rechnung	can i have the bill	correct	correct
4620	credit card cluster	Sag: Ich möchte mit Kreditkarte bezahlen	i like to pay with credit card	correct	correct
4621	RG	Sag: Ich möchte mit Kreditkarte bezahlen	i would like to pay with credit card	correct	correct
4622	RG	Frag: Wo ist die National Gallery?	where is the national gallery	correct	correct
4623	magic	Frag: Wo ist Piccadilly Circus?	where is the piccadilly circus	correct	correct
4624	RG	Frag: Wo ist Piccadilly Circus?	could you give me directions to piccadilly circus	correct	correct
4625	magic	Frag: Welcher Bus fährt dorthin?	which bus can i take	correct	correct
4627	RG	Frag: Wo ist das Science Museum?	where is the science museum	correct	correct
4628	RG	Frag: Wo ist das London Eye?	where is the london eye	correct	correct
4629	no method	Frag: Welcher Bus fährt dorthin?	which bus can i take	incorrect	correct
4630	RG	Sag: Der Tower ist nahe der Tower Bridge	the tower is near the tower bridge	correct	correct
4631	RG	Sag: Ich weiss es nicht	i do not know	correct	correct
4632	no method	Sag: Ich muss gehen	i would like to go	incorrect	correct
4634	RG	Frag: Wo ist das Science Museum?	where is the science museum	correct	correct
4635	no method	Sag: Marble Arch ist gegenüber dem Hyde Park	the marble arch is across the hyde park	incorrect	incorrect
4636	no method	Sag: Marble Arch ist gegenüber dem Hyde Park	the marble parch nei	incorrect	incorrect
4637	no method	Sag: Marble Arch ist gegenüber dem Hyde Park	the marble arch is across to hyde park	incorrect	correct
4638	RG	Frag: Wo ist das British Museum?	where is the british museum	correct	correct
4639	RG	Frag: Wo ist das British Museum?	where is the british museum	correct	correct
4640	no method	Frag: Wo ist Big Ben?	where is the big ben	incorrect	correct
4641	magic	Frag: Welcher Bus fährt dorthin?	which bus can i take	correct	correct
4642	no method	Sag: Saint Pauls Cathedral ist nahe der Bank of England	the saint pauls cathedral is near to bank of england	incorrect	correct
4643	RG	Frag: Wo ist das Science Museum?	where is the science museum	correct	correct
4644	RG	Frag: Wo ist der Tower?	where is the tower	correct	correct
4645	RG	Frag: Wo ist der Tower?	where is the tower	correct	correct
4646	RG	Frag: Wo ist der Tower?	where is the tower	correct	correct
4647	no method	Sag: Saint Pauls Cathedral ist nahe der Bank of England	the saint pauls cathedral is near to the bank of england	incorrect	correct
4649	RG	Frag: Sandalen	i would like sandals	correct	correct
4651	RG	Frag: rote Sandalen	i would like red sandals	correct	correct
4652	RG	Frag: Grösse 39	thirty-nine	correct	correct
4653	no method	Frag: Jeans	can i have teen	incorrect	incorrect
4654	RG	Frag: pinkige Jeans	i would like pink jeans	correct	correct
4656	RG	Frag: Wie viel kostet die Jeans?	how much are these jeans	correct	correct
4657	no method	Frag: Wie viel kostet die Jeans?	how much does the jeans cost	incorrect	correct
4658	RG	Sag: Dies ist zu teuer	this is too expensive	correct	correct
4659	RG	Sag: Mir geht es gut	i am fine	correct	correct
4660	RG	Frag: Stiefel	i would like boots	correct	correct
4661	RG	Frag: blaue Stiefel	i would like blue boots	correct	correct
4662	RG	Frag: Grösse 37	thirty-seven	correct	correct
4663	RG	Frag: ein Hemd	can i have a shirt	correct	correct
4664	RG	Frag: ein gelbes Hemd	i would like a yellow shirt	correct	correct
4667	RG	Frag: eine L	i am a large	correct	correct
4668	RG	Frag: Wie viel kostet es?	how much does it cost	correct	correct
4669	RG	Sag: Das Hemd ist zu teuer	the shirt is too expensive	correct	correct
4670	RG	Frag: Zimmer für 5 Nächte	can i have a room for five nights	correct	correct
4671	RG	Frag: Suite	can i have a suite	correct	correct
4672	RG	Sag: Ich möchte mit Kreditkarte bezahlen	can i pay with credit card	correct	correct
4673	RG	Frag: Gibt es einen Coiffeur?	is there a hairdresser	correct	correct
4674	RG	Frag: Wo ist der Coiffeur?	where is the hairdresser	correct	correct
4675	RG	Frag: Wo ist der Coiffeur?	where is the hairdresser	correct	correct
4676	no method	Frag: Wo ist der Coiffeur?	can you give me the direction to the hairdresser	incorrect	correct
4677	meaning_reject	Frag: Zimmer für 1 Woche	can i have a room for one night	incorrect	incorrect
4678	no method	Frag: Doppelzimmer	can i have a double roo double room	incorrect	correct
4679	RG	Frag: Doppelzimmer	can i have a double room	correct	correct
4680	RG	Frag: Doppelzimmer	can i have a double room	correct	correct
4681	RG	Sag: Ich möchte mit Mastercard bezahlen	can i pay with mastercard	correct	correct
4682	RG	Frag: Gibt es einen Lift?	is there a lift	correct	correct
4683	no method	Frag: Gibt es einen Lift?	is there a ascenseur	incorrect	incorrect
4684	RG	Frag: Gibt es einen Lift?	is there a lift	correct	correct
4685	RG	Frag: ein Ticket nach London	can i have a ticket to london	correct	correct
4686	no method	Sag: Ich möchte um 22 Uhr morgen abreisen	i like to leave tomorrow at ten o'clock pm	incorrect	correct
4687	RG	Sag: Ich heisse John	my name is john	correct	correct
4688	RG	Sag: Ich bin aus Italien	i am from italy	correct	correct
4689	RG	Frag: 4 Tickets nach London	can i have four tickets to london	correct	correct
4690	magic	Sag: Ich möchte am Mittwochabend abreisen	i like to leave at wednesday night	correct	correct
4691	no method	Sag: Ich möchte am Mittwochabend abreisen	i like to leave at wednesday evening	incorrect	correct
4692	magic	Sag: Ich möchte am Mittwochabend abreisen	i like to leave at wednesday night	correct	correct
4693	RG	Sag: Ich heisse Janet	my name is janet	correct	correct
4694	RG	Sag: Ich bin aus Italien	i am from italy	correct	correct
4695	RG	Sag: Ich bin aus Italien	i am from italy	correct	correct
4696	RG	Frag: 3 Tickets nach London	can i have three tickets to london	correct	correct
4697	magic	Sag: Ich möchte am Sonntag abreisen	i like to leave at sunday	correct	correct
4698	RG	Sag: Ich heisse Paolo	my name is paolo	correct	correct
4699	no method	Sag: Ich bin aus der Schweiz	i am from swiss	incorrect	correct
4700	RG	Sag: Ich heisse Sarah	my name is sarah	correct	correct
4701	RG	Sag: Ich bin aus Portugal	i am from portugal	correct	correct